app_name,app_description,app_categories,app_link,app_installs,app_ratings
QLogger,"Add, delete and update monthly worklogs",Time tracking,https://marketplace.atlassian.com/apps/1210801/qlogger?hosting=server&tab=overview,136,5
Timesheet and Gantt Chart for Jira,Work hour reports Editable Grid for work hours and Gantt Chart,"Charts & diagramming, Project management, Reports",https://marketplace.atlassian.com/apps/1210817/timesheet-and-gantt-chart-for-jira?hosting=server&tab=overview,15,3
ictime TimeTracking & Reporting for Jira,"Easy, flexible time tracking, powerful reporting, and accounting for Jira","Custom fields, Reports, Time tracking",https://marketplace.atlassian.com/apps/1210885/ictime-timetracking-reporting-for-jira?hosting=server&tab=overview,406,29
ActivityTimeline (Legacy Edition),New version: ‚†Ä‚†Ä https://bitly.com/atl_app ‚†Ä‚†Ä Resource Planning & Time Tracking,"Project management, Reports, Tasks, Time tracking",https://marketplace.atlassian.com/apps/1210888/activitytimeline-legacy-edition?hosting=server&tab=overview,,71
Fastbucks: Automated Invoicing for Jira,Painless and automated billing to online accounting systems from Jira Projects,Time tracking,https://marketplace.atlassian.com/apps/1210938/fastbucks-automated-invoicing-for-jira?hosting=server&tab=overview,9,2
Calendar for Jira - Plan Team Activities,"Calendar helps you plan any kind of personal and team‚Äôs activities, no matter who are you - marketer, HR, legal or project manager","Project management, Reports, Tasks, Time tracking",https://marketplace.atlassian.com/apps/1210975/calendar-for-jira-plan-team-activities?hosting=cloud&tab=overview,989,76
Links Hierarchy Jira+Agile,Explore Agile hierarchy in a flexible way with powerful calculations and analytics at scale,"Charts & diagramming, Project management, Testing & QA",https://marketplace.atlassian.com/apps/1211022/links-hierarchy-jira-agile?hosting=cloud&tab=overview,"1,172",22
My.com Calendar,Browse issues and create events in calendar format,"Dashboard gadgets, Time tracking",https://marketplace.atlassian.com/apps/1211040/my-com-calendar?hosting=server&tab=overview,897,258
eazyBI Reports and Charts for Jira,"Custom Jira reports and charts. Visualize and analyze Jira, DevOps, popular apps, and more with Jira custom reporting & charts app","Charts & diagramming, Project management, Reports",https://marketplace.atlassian.com/apps/1211051/eazybi-reports-and-charts-for-jira?hosting=datacenter&tab=overview,,106
Intelligent Reports,"Create professional, custom Microsoft Word reports from your Jira data","Charts & diagramming, Project management, Reports",https://marketplace.atlassian.com/apps/1211118/intelligent-reports?hosting=datacenter&tab=overview,,9
Automated Log Work for Jira,Never enter worklogs manually again. Track time seamlessly and precisely,"Project management, Reports, Time tracking, Workflow",https://marketplace.atlassian.com/apps/1211125/automated-log-work-for-jira?hosting=cloud&tab=overview,"2,273",97
RESTful Worklog Query,Retrieve time tracking data in JSON format via an authenticated RESTful service,Time tracking,https://marketplace.atlassian.com/apps/1211179/restful-worklog-query?hosting=server&tab=overview,335,4
Timetracker - Time Tracking & Reporting,Simple and easy time tracking for Jira with powerful timesheet and cost reporting,"Project management, Reports, Time tracking",https://marketplace.atlassian.com/apps/1211243/timetracker-time-tracking-reporting?hosting=cloud&tab=overview,"2,048",59
Toggl integration for Jira,Time track with ease,"Dashboard gadgets, Time tracking",https://marketplace.atlassian.com/apps/1211335/toggl-integration-for-jira?hosting=server&tab=overview,106,10
Artezio Kanban Board for Jira,View and manage your project/subproject/filtered tasks as the Kanban Board,"Project management, Time tracking, Workflow",https://marketplace.atlassian.com/apps/1211446/artezio-kanban-board-for-jira?hosting=server&tab=overview,366,13
Worklog Sync,Copy or Move worklogs entered by users from one issue to another linked issue,Time tracking,https://marketplace.atlassian.com/apps/1211496/worklog-sync?hosting=server&tab=overview,5,7
Issue History Collector | See History,"Jira ticket tracking & monitoring, bug tracking, export ticket history, project statistics, see history of issues","Custom fields, IT & helpdesk, Project management",https://marketplace.atlassian.com/apps/1211499/issue-history-collector-see-history?hosting=cloud&tab=overview,"1,556",32
eazyBI Reports and Charts for Jira Cloud,"Custom Jira reports and charts. Visualize and analyze Jira, DevOps, popular apps, and more with Jira custom reporting & charts app","Charts & diagramming, Project management, Reports",https://marketplace.atlassian.com/apps/1211508/eazybi-reports-and-charts-for-jira-cloud?hosting=cloud&tab=overview,"3,597",71
Artezio Burndown Chart for Jira,Create burndown/burnup charts in Jira with a simple yet powerful gadget,"Dashboard gadgets, Project management, Time tracking",https://marketplace.atlassian.com/apps/1211584/artezio-burndown-chart-for-jira?hosting=server&tab=overview,589,6
Harvest Time Tracking (Official),Harvest powered time tracking right from issues in Jira,Time tracking,https://marketplace.atlassian.com/apps/1211628/harvest-time-tracking-official?hosting=cloud&tab=overview,"2,611",130
Time in Status,"Identify bottlenecks in your process by reporting on how much time each issue spent on each status, each assignee or each group","IT & helpdesk, Project management, Reports, Time tracking",https://marketplace.atlassian.com/apps/1211756/time-in-status?hosting=cloud&tab=overview,"2,178",39
WBS Gantt-Chart for Jira,Visualize success! See your plans clearly with the Jira Gantt chart plugin designed for busy project management professionals,"Charts & diagramming, Project management, Reports",https://marketplace.atlassian.com/apps/1211768/wbs-gantt-chart-for-jira?hosting=cloud&tab=overview,"5,099",101
Time to SLA,"Best-selling SLA tracking app with solid configuration, reporting and searching features. Available on all Jira applications","Custom fields, Dashboard gadgets, IT & helpdesk",https://marketplace.atlassian.com/apps/1211843/time-to-sla?hosting=cloud&tab=overview,"1,438",67
Time Logger for Jira,Simple Windows desktop app for time tracking (worklog posting) using issue info from browser,Time tracking,https://marketplace.atlassian.com/apps/1211955/time-logger-for-jira?hosting=server&tab=overview,,2
Hide Time Tracking for Jira Server,Hide time tracking information from external users,Time tracking,https://marketplace.atlassian.com/apps/1212049/hide-time-tracking-for-jira-server?hosting=datacenter&tab=overview,,17
Time Reports,"Flexible time tracking and reporting of time spent on Projects, Epics or Initiatives broken down by Days, Users or Issue Statuses","Dashboard gadgets, Reports, Time tracking",https://marketplace.atlassian.com/apps/1212077/time-reports?hosting=cloud&tab=overview,"5,404",104
Gallifrey - Time Tracking Assistant,Assistant to help manage your 'wibbily wobbly timey wimey' for Jira,Time tracking,https://marketplace.atlassian.com/apps/1212190/gallifrey-time-tracking-assistant?hosting=server&tab=overview,,1
Usage Statistics for Jira,See your popular issues at a glance,Time tracking,https://marketplace.atlassian.com/apps/1212244/usage-statistics-for-jira?hosting=cloud&tab=overview,226,3
Planning Poker ¬Æ,Top Rated. Cloud Security Compliant. Planning Poker,"Continuous integration, Project management, Time tracking",https://marketplace.atlassian.com/apps/1212495/planning-poker?hosting=cloud&tab=overview,"1,542",102
WorklogPRO - Timesheets for Jira,Effective time tracking and reporting for Jira,"Dashboard gadgets, Project management, Reports",https://marketplace.atlassian.com/apps/1212626/worklogpro-timesheets-for-jira?hosting=datacenter&tab=overview,,28
Better Excel Exporter for Jira,"Full-blown native Excel exports, spreadsheet reports and Business Intelligence for Jira","Charts & diagramming, Integrations, Reports, Time tracking",https://marketplace.atlassian.com/apps/1212652/better-excel-exporter-for-jira?hosting=datacenter&tab=overview,,142
Miscellaneous Tracking for Jira,Extended time logging for more than just Jira tasks. Time logging & reporting for everything else that's not part of a project,"Monitoring, Project management, Time tracking",https://marketplace.atlassian.com/apps/1212714/miscellaneous-tracking-for-jira?hosting=server&tab=overview,194,9
Abacolla Issue Drill Down & Reporting,Identify bottlenecks in your projects and sprints,"Charts & diagramming, Project management, Reports",https://marketplace.atlassian.com/apps/1212734/abacolla-issue-drill-down-reporting?hosting=cloud&tab=overview,9,0
Reopening Counter for Jira,Reopening counter for Jira identifies problematic issues in projects. Highlights possible improvement points in a team,"Project management, Testing & QA, Time tracking",https://marketplace.atlassian.com/apps/1212789/reopening-counter-for-jira?hosting=cloud&tab=overview,94,11
Auto Plan Time for TEMPO,Sync data between TEMPO calendars and Jira Issue fields,"Project management, Tasks, Time tracking, Utilities",https://marketplace.atlassian.com/apps/1212891/auto-plan-time-for-tempo?hosting=server&tab=overview,163,6
Reports and Timesheets for Jira,"Easily build meaningful reports in Jira to support daily operations, executive reporting, and more","Charts & diagramming, Project management, Reports",https://marketplace.atlassian.com/apps/1212942/reports-and-timesheets-for-jira?hosting=cloud&tab=overview,"2,018",78
Agile Clock for Jira,Jira Agile Clock - Simple time measurement for agile meetings,Time tracking,https://marketplace.atlassian.com/apps/1212948/agile-clock-for-jira?hosting=server&tab=overview,73,9
Dovico Time Tracking for Jira,Work more efficiently by entering time within Jira for Dovico Timesheet,Time tracking,https://marketplace.atlassian.com/apps/1212984/dovico-time-tracking-for-jira?hosting=cloud&tab=overview,48,4
Epic Sum Up - Light,Use epics as a project context and see all time spent in all containing issues,"Project management, Reports, Time tracking",https://marketplace.atlassian.com/apps/1213331/epic-sum-up-light?hosting=cloud&tab=overview,"2,872",30
Hubstaff,"Time tracking platform with proof of work that supports Mac, Windows, Linux, Android, iOS, Chromebook and Chrome browser",Time tracking,https://marketplace.atlassian.com/apps/1213405/hubstaff?hosting=server&tab=overview,,0
Work Time Calendar for Jira,"Planning and tracking your own and team time, report generation, calendar export, conditional colors, and much more","Dashboard gadgets, Project management, Time tracking",https://marketplace.atlassian.com/apps/1213545/work-time-calendar-for-jira?hosting=cloud&tab=overview,"1,683",62
Tracking & Estimation for Jira,Project Management Plugin with Role Based Time Tracking & Estimation Reports Aiding Over 66% Improved Working Efficiency,"Monitoring, Project management, Time tracking",https://marketplace.atlassian.com/apps/1213605/tracking-estimation-for-jira?hosting=cloud&tab=overview,269,24
Timesheets for Jira,"Advanced Jira time tracking ‚Äî powerful time reports, simple time entry, custom attributes, approval process, & Tempo integration","Dashboard gadgets, Project management, Reports",https://marketplace.atlassian.com/apps/1213798/timesheets-for-jira?hosting=cloud&tab=overview,623,36
Service Desk Reporter,Detailed lists or grouped Success Ratio reports on Jira Service Desk SLA Metrics,"IT & helpdesk, Reports, Time tracking",https://marketplace.atlassian.com/apps/1213874/service-desk-reporter?hosting=server&tab=overview,71,4
Cronforce Time Tracking for Jira,"Best in class Time Tracking, Vacation Management and Project Cost Control. Free and Paid Plans",Time tracking,https://marketplace.atlassian.com/apps/1213875/cronforce-time-tracking-for-jira?hosting=cloud&tab=overview,74,6
Filters Activity Stream,Streamline your activity feed with basic or JQL filter to see what matters most,"Dashboard gadgets, Project management, Time tracking",https://marketplace.atlassian.com/apps/1213902/filters-activity-stream?hosting=cloud&tab=overview,369,17
Time Tracking Enforcer for Jira,"Are you struggling with getting your team to enter their time? This is the easy, nag-free time tracking enforcement solution",Time tracking,https://marketplace.atlassian.com/apps/1214040/time-tracking-enforcer-for-jira?hosting=server&tab=overview,12,4
Log Work Utilities,Log work for another user and clear remaining estimate when issue is resolved,Time tracking,https://marketplace.atlassian.com/apps/1214103/log-work-utilities?hosting=server&tab=overview,8,4
SIL Excel Reporting,Painless programmable and ready to use Excel reporting. Use SIL¬Æ scripts to export anything you wish to Excel,"Charts & diagramming, Integrations, Reports, Time tracking",https://marketplace.atlassian.com/apps/1214141/sil-excel-reporting?hosting=server&tab=overview,15,0
Days Elapsed Plugin,SLA tracking using Traffic Light and Number of working days elapsed,"Custom fields, Time tracking",https://marketplace.atlassian.com/apps/1214176/days-elapsed-plugin?hosting=server&tab=overview,30,3
Agile Remaining Estimate Counter,Ensure your sprint commitments easily by monitoring correct remaining estimates right at Jira Agile Boards,"Monitoring, Project management, Time tracking",https://marketplace.atlassian.com/apps/1214286/agile-remaining-estimate-counter?hosting=cloud&tab=overview,88,6
Time Tracking Stats for Jira,The fastest and easiest way to get time tracking stats for project and team management,Time tracking,https://marketplace.atlassian.com/apps/1214375/time-tracking-stats-for-jira?hosting=server&tab=overview,33,6
Worklytics Data Connector,Real-time Analytics on Work and Collaboration Across all your Tools,"Integrations, Monitoring, Reports, Time tracking",https://marketplace.atlassian.com/apps/1214431/worklytics-data-connector?hosting=cloud&tab=overview,224,3
Blue Ant plugin for work-time,"Plugin to create/update Blue Ant activities or ToDos from Jira, work-time recording, % complete and remaining hours in Blue Ant","Custom fields, Integrations, Project management",https://marketplace.atlassian.com/apps/1214569/blue-ant-plugin-for-work-time?hosting=server&tab=overview,27,4
TMetric - Time Tracker for Jira,Track time spent on Jira issues with one mouse click,"Time tracking, Workflow",https://marketplace.atlassian.com/apps/1214821/tmetric-time-tracker-for-jira?hosting=cloud&tab=overview,796,7
Project Insight for Jira,Instantly connect your developers' work in Jira and your project managers' plans in Project Insight,"Project management, Reports, Tasks, Time tracking",https://marketplace.atlassian.com/apps/1215091/project-insight-for-jira?hosting=cloud&tab=overview,109,1
AIM Resource Management for Jira,Straightforward and easy resource planning and transparency,"Project management, Time tracking",https://marketplace.atlassian.com/apps/1215177/aim-resource-management-for-jira?hosting=server&tab=overview,142,7
Alkaes - Minyaa Time,Extends Jira with Time tracking feature and powerful reports,"Custom fields, Dashboard gadgets, Time tracking",https://marketplace.atlassian.com/apps/1215475/alkaes-minyaa-time?hosting=server&tab=overview,25,0
Toggl Integration for Jira,Toggl Integration for Jira ‚Äî your integrated time tracking,"Integrations, Project management, Time tracking",https://marketplace.atlassian.com/apps/1215495/toggl-integration-for-jira?hosting=cloud&tab=overview,855,29
Smart Multi Time Tracking for Jira,"Record and track your work automatically, create all worklogs at the same time","Time tracking, Utilities",https://marketplace.atlassian.com/apps/1215612/smart-multi-time-tracking-for-jira?hosting=server&tab=overview,39,1
xPort - Custom Worklog Export for Jira,Export worklogs in Jira to Excel,"Reports, Time tracking",https://marketplace.atlassian.com/apps/1215632/xport-custom-worklog-export-for-jira?hosting=server&tab=overview,106,4
Relative Time Converter,Relative or explicit time? This converter allows you to display both values in the same time,Time tracking,https://marketplace.atlassian.com/apps/1215652/relative-time-converter?hosting=server&tab=overview,287,9
Advanced Time Analysis for Jira,"Actionable time analysis on data like time spent, time estimated, and time remaining","Project management, Reports, Time tracking, Utilities",https://marketplace.atlassian.com/apps/1215831/advanced-time-analysis-for-jira?hosting=cloud&tab=overview,18,12
Chronos -Timetracking System for Jira,"Seamless time tracking and reports, bundled with native desktop app. Cross-platform. Simple. Fully integrated","Reports, Time tracking, Workflow",https://marketplace.atlassian.com/apps/1216398/chronos-timetracking-system-for-jira?hosting=cloud&tab=overview,110,6
Worklogs Report,Smart tracking of logged hours and worklog comments,"Reports, Time tracking",https://marketplace.atlassian.com/apps/1216516/worklogs-report?hosting=cloud&tab=overview,393,9
Pulse Timesheet with Worklogs Gadget,Smart Timesheet Report tool with dashboard gadget for your worklogs,"Dashboard gadgets, Reports, Time tracking, Utilities",https://marketplace.atlassian.com/apps/1216636/pulse-timesheet-with-worklogs-gadget?hosting=cloud&tab=overview,133,9
Hide Time Tracking for Jira Cloud,Hide time tracking information from external users,Time tracking,https://marketplace.atlassian.com/apps/1216686/hide-time-tracking-for-jira-cloud?hosting=cloud&tab=overview,276,11
TROCK Timetracking Overview And Logging,"Have an overview of all your logged time, and log work easily",Time tracking,https://marketplace.atlassian.com/apps/1216858/trock-timetracking-overview-and-logging?hosting=server&tab=overview,613,9
Timesheet tracking for Jira,Top 1 Trending time tracking app ! Powerful and easy to use timesheet reports based on users worklogs,"Charts & diagramming, Project management, Reports",https://marketplace.atlassian.com/apps/1216988/timesheet-tracking-for-jira?hosting=cloud&tab=overview,"9,032",61
Report Builder,"Timesheets & Data Analysis for ANY Jira report: Time logs, Custom reports, Templates, HTML & JS framework, Data visualization","Project management, Reports, Time tracking",https://marketplace.atlassian.com/apps/1216997/report-builder?hosting=cloud&tab=overview,146,24
Spectrum Timesheets,Easy and functional time tracking tool using Jira native worklog features,Time tracking,https://marketplace.atlassian.com/apps/1217046/spectrum-timesheets?hosting=server&tab=overview,11,0
Countdown Gadget,Keep Calm. The countdown has begun,"Dashboard gadgets, Time tracking",https://marketplace.atlassian.com/apps/1217224/countdown-gadget?hosting=datacenter&tab=overview,,5
Log work as another user for Jira,Log work as another user and keep time tracking updated,Time tracking,https://marketplace.atlassian.com/apps/1217264/log-work-as-another-user-for-jira?hosting=server&tab=overview,141,4
WorkLog Blocker,"Restrict your work logs. Prevent log work in the past, non-estimated tasks or without work description","Admin tools, Project management, Time tracking",https://marketplace.atlassian.com/apps/1217290/worklog-blocker?hosting=server&tab=overview,12,2
Hourglass Time Tracking for Jira,Simple and seamless one-click time tracking + helpful dashboard gadget,"Dashboard gadgets, Monitoring, Time tracking,",https://marketplace.atlassian.com/apps/1217344/hourglass-time-tracking-for-jira?hosting=cloud&tab=overview,88,3
Weekly Activity Gadget,Use this gadget to monitor your weekly workload,"Dashboard gadgets, Time tracking",https://marketplace.atlassian.com/apps/1217418/weekly-activity-gadget?hosting=server&tab=overview,30,1
Sprint Capacity Planning & Tracking,Plan your team and resources commitment for your sprint workload right in your agile scrum board,"Charts & diagramming, Project management, Tasks",https://marketplace.atlassian.com/apps/1217495/sprint-capacity-planning-tracking?hosting=cloud&tab=overview,355,12
Everhour Time Tracking for Jira,"Everhour extends Jira with easy-to-use and accurate time tracking, budgets, reports, and more","Dashboard gadgets, Integrations, Project management",https://marketplace.atlassian.com/apps/1217523/everhour-time-tracking-for-jira?hosting=cloud&tab=overview,381,15
Customer Requests Workload Report,FAST and EASY way to inform customers for the time spent on their requests via the Jira Service Desk user portal,"IT & helpdesk, Reports, Time tracking",https://marketplace.atlassian.com/apps/1217529/customer-requests-workload-report?hosting=server&tab=overview,52,7
TeamLog: Time Tracking & Reporting Tool,This intuitive Jira plugin is an all-in-one dashboard with daily work logs & performance reports for project managers & team leads,"Dashboard gadgets, Project management, Tasks",https://marketplace.atlassian.com/apps/1217657/teamlog-time-tracking-reporting-tool?hosting=server&tab=overview,6,3
Status History,"Analyze the history of statuses and users changes in time, using interactive table and timeline, on demand, directly on your issue","Project management, Time tracking",https://marketplace.atlassian.com/apps/1217781/status-history?hosting=server&tab=overview,130,1
Structure.Gantt - Planning at Scale,"Visualize dependencies and timelines across large-scale projects with an adaptable, easy-to-use Gantt chart solution for Jira","Charts & diagramming, Dependency management",https://marketplace.atlassian.com/apps/1217809/structure-gantt-planning-at-scale?hosting=cloud&tab=overview,"3,160",17
Status History PRO,"Analyze the history of statuses and users changes in time, using reports and interactive table and timeline","Dashboard gadgets, Project management, Reports",https://marketplace.atlassian.com/apps/1217900/status-history-pro?hosting=server&tab=overview,46,3
Mobius Timesheet - Time Tracking Reports,"View time spent by author, assignee, project, team, or any other Jira field available. Easy to use time logs and reports","Dashboard gadgets, Project management, Reports",https://marketplace.atlassian.com/apps/1217919/mobius-timesheet-time-tracking-reports?hosting=cloud&tab=overview,117,21
Project Status - Project Time Report,"High-level project reporting that displays totals for original estimate, time spent, & time remaining. Helps planning & management","Charts & diagramming, Dashboard gadgets, Project management",https://marketplace.atlassian.com/apps/1217950/project-status-project-time-report?hosting=cloud&tab=overview,25,8
TimeChimp Time Tracking,Track time directly from your Jira Issues,Time tracking,https://marketplace.atlassian.com/apps/1217981/timechimp-time-tracking?hosting=cloud&tab=overview,65,4
Estimate Accuracy Gadget for Jira Cloud,Stylish estimate accuracy gadget for displaying how accurate your estimates were versus actual time spent,"Charts & diagramming, Dashboard gadgets, Project management",https://marketplace.atlassian.com/apps/1217982/estimate-accuracy-gadget-for-jira-cloud?hosting=cloud&tab=overview,8,6
Velocity & Capacity Forecast Calculator,"Get team or assignee velocity from any JQL query. Also, new velocity metric based on past estimation accuracy. Better capacity","Dashboard gadgets, Project management, Reports",https://marketplace.atlassian.com/apps/1218025/velocity-capacity-forecast-calculator?hosting=cloud&tab=overview,26,7
Roll-Up Reports for Jira,"Roll-up Summary reports for Epics, Sprints, Fix Versions, Agile Boards and more","Project management, Reports, Time tracking, Utilities",https://marketplace.atlassian.com/apps/1218137/roll-up-reports-for-jira?hosting=cloud&tab=overview,302,5
Capacity Tracker,"Manage your team workload, easily ‚Äì For Scrum & Kanban","Project management, Tasks, Time tracking, Utilities",https://marketplace.atlassian.com/apps/1218151/capacity-tracker?hosting=cloud&tab=overview,"1,117",19
Harvest Time Tracking by 42nd,Harvest powered time tracking right from issues in Jira,"Integrations, Time tracking",https://marketplace.atlassian.com/apps/1218173/harvest-time-tracking-by-42nd?hosting=cloud&tab=overview,447,16
Workboard,Get freedom in defining HOW to do your work. Visualize Sprint Backlog and subtasks in a form of a Agile Whiteboard,"Project management, Time tracking, Utilities",https://marketplace.atlassian.com/apps/1218179/workboard?hosting=cloud&tab=overview,81,7
UnView for Jira Server and Data Center,Manage work log visibility for Privacy or Compliance purposes required by Works Councils/Betriebsrat - Driven by GDPR/DSGVO,"Admin tools, Project management, Time tracking",https://marketplace.atlassian.com/apps/1218188/unview-for-jira-server-and-data-center?hosting=server&tab=overview,44,6
Feature Bundle - Jira Service Management,We provide more value to all Jira Service Management projects,"IT & helpdesk, Themes & styles, Time tracking",https://marketplace.atlassian.com/apps/1218221/feature-bundle-jira-service-management?hosting=cloud&tab=overview,83,13
Worklog History,View the time logged by users in the worklog using a convenient timetable directly on the issue,"Project management, Time tracking, Utilities",https://marketplace.atlassian.com/apps/1218232/worklog-history?hosting=server&tab=overview,106,1
Timetracker - Time tracking jira client,"Chronos Timetracker - Desktop client for JIRA. Track time, upload automatic and manual worklogs without a hassle","Integrations, Project management, Time tracking",https://marketplace.atlassian.com/apps/1218300/timetracker-time-tracking-jira-client?hosting=cloud&tab=overview,,5
Progress Highlighting for Jira,The ultimate user progress gadget based on estimations,"Dashboard gadgets, Time tracking",https://marketplace.atlassian.com/apps/1218307/progress-highlighting-for-jira?hosting=server&tab=overview,9,1
Project TimeLine,"Get the overall picture of Multiple Projects on an Annual TimeLine, Plan, Track and Forecast","Charts & diagramming, Project management, Reports",https://marketplace.atlassian.com/apps/1218371/project-timeline?hosting=cloud&tab=overview,234,11
Roadmap planner,Addon to automate roadmap planning reporting,"Charts & diagramming, Project management, Reports",https://marketplace.atlassian.com/apps/1218407/roadmap-planner?hosting=cloud&tab=overview,25,2
Epic Sum Summary - Epic Time Stats,"Sum up your Epic's Time Spent, Original Estimate, Time Remaining, and Percent Complete. Aggregates all related tasks and subtasks","Charts & diagramming, Project management, Tasks",https://marketplace.atlassian.com/apps/1218421/epic-sum-summary-epic-time-stats?hosting=cloud&tab=overview,46,17
Gears worklog-restricted for Jira,restricted worklog,Time tracking,https://marketplace.atlassian.com/apps/1218424/gears-worklog-restricted-for-jira?hosting=server&tab=overview,11,0
PERT calculator,PMP¬Æ approved time tracking technique that is providing accuracy to your original estimates,"Project management, Time tracking",https://marketplace.atlassian.com/apps/1218473/pert-calculator?hosting=cloud&tab=overview,22,3
Leave Tracker,Track how your team members use their vacation and sick days yearly limits,"Admin tools, Project management, Time tracking",https://marketplace.atlassian.com/apps/1218582/leave-tracker?hosting=cloud&tab=overview,50,7
Workfront for Jira,Drive Work Forward,"Integrations, Project management, Tasks, Time tracking",https://marketplace.atlassian.com/apps/1218653/workfront-for-jira?hosting=cloud&tab=overview,273,8
Performance Objectives: Charts & Reports,"Clear KPI, SLA and OKR reporting. Objective recognition of personal and team goals. Chart and pivot time tracking","Charts & diagramming, Dashboard gadgets, Reports",https://marketplace.atlassian.com/apps/1218655/performance-objectives-charts-reports?hosting=cloud&tab=overview,247,21
Calamari Connector for Jira,"HR, leave & absence management for your Team","Project management, Time tracking, Utilities",https://marketplace.atlassian.com/apps/1218677/calamari-connector-for-jira?hosting=server&tab=overview,27,0
Project Budget for Jira,Project budget management with issue worklogs,"Project management, Time tracking",https://marketplace.atlassian.com/apps/1218792/project-budget-for-jira?hosting=server&tab=overview,36,3
Replicon Time Tracking for Jira,#1 Project Time Tracking Solution for Jira. Trusted by thousands of companies across 70+ countries for their time tracking needs,"Mobile, Project management, Tasks, Time tracking",https://marketplace.atlassian.com/apps/1218803/replicon-time-tracking-for-jira?hosting=cloud&tab=overview,,9
Quantify TimeSpent,"Meet the lean time tracking approach, a better alternative to manual work logging. Solution for Capex, SRED, Agile KPIs and more","Dashboard gadgets, Reports, Time tracking, Workflow",https://marketplace.atlassian.com/apps/1218809/quantify-timespent?hosting=cloud&tab=overview,873,17
Toggl Time Tracking for Jira,Toggl powered time tracking right from issues in Jira,"Integrations, Time tracking",https://marketplace.atlassian.com/apps/1218840/toggl-time-tracking-for-jira?hosting=cloud&tab=overview,64,8
Simple Custom Reports & Charts for Jira,"Create powerful, easy to use custom reports for kanban, scrum or any other teams. Get progress and status reports by user/project","Charts & diagramming, Project management, Reports",https://marketplace.atlassian.com/apps/1218888/simple-custom-reports-charts-for-jira?hosting=cloud&tab=overview,147,3
SLA Alerts Pro for Jira Service Desk,Configure SLA Alerts for breaching and breached SLA's and manage which breaches you want to receive notifications for,"IT & helpdesk, Monitoring, Time tracking",https://marketplace.atlassian.com/apps/1218905/sla-alerts-pro-for-jira-service-desk?hosting=datacenter&tab=overview,,3
Toggl Synchronization for Jira,Automatic synchronization of Toggl and Jira - check out our introductory pricing,"Integrations, Project management, Time tracking",https://marketplace.atlassian.com/apps/1218925/toggl-synchronization-for-jira?hosting=server&tab=overview,26,6
Timesheet Export for Jira,"Time tracking spreadsheet exports for Excel & Google Drive, plus time tracking for next-gen projects","Project management, Reports, Time tracking",https://marketplace.atlassian.com/apps/1218992/timesheet-export-for-jira?hosting=cloud&tab=overview,127,2
Worklogs - Time Tracking and Reports,Time reports and time tracking for members of your team done in an easy and flexible way,"Dashboard gadgets, Project management, Reports",https://marketplace.atlassian.com/apps/1219004/worklogs-time-tracking-and-reports?hosting=cloud&tab=overview,"1,441",45
Crystal Gantt - for JIRA,Gantt Visualization for your Project for better Task and Resource Management,"Charts & diagramming, Project management, Tasks",https://marketplace.atlassian.com/apps/1219006/crystal-gantt-for-jira?hosting=cloud&tab=overview,143,8
Simple Reports & Charts Lite for Jira,Generate reports & charts using clickable filters/dimensions. Find issues that meet specific criteria,"Charts & diagramming, Project management, Reports",https://marketplace.atlassian.com/apps/1219031/simple-reports-charts-lite-for-jira?hosting=cloud&tab=overview,972,5
Release Manager - Deployment Planning,"Forecast, plan, and monitor your releases, deployments, & projects with Release Manager and our Calculated Release Date gadget","Project management, Reports, Time tracking",https://marketplace.atlassian.com/apps/1219071/release-manager-deployment-planning?hosting=cloud&tab=overview,14,6
CoffeeCup App,"Timetracking, Team Planning, Controlling, HR Management","Admin tools, Project management, Reports, Time tracking",https://marketplace.atlassian.com/apps/1219157/coffeecup-app?hosting=cloud&tab=overview,55,4
Release Board Hub,Release management planning and Time Tracking of Team members,"Project management, Reports, Time tracking",https://marketplace.atlassian.com/apps/1219211/release-board-hub?hosting=cloud&tab=overview,29,0
Clockwork Automated Timesheets Pro,Easiest and precise time tracking. Log work automatically. Overview your team with powerful reports. Tempo alternative,"Project management, Reports, Time tracking, Workflow",https://marketplace.atlassian.com/apps/1219213/clockwork-automated-timesheets-pro?hosting=cloud&tab=overview,816,33
Harvester Real-Time Tracking,Track time in Harvest directly from Jira,Time tracking,https://marketplace.atlassian.com/apps/1219223/harvester-real-time-tracking?hosting=cloud&tab=overview,83,4
Timecamp Time Tracking,Time tracking your team will actually use,Time tracking,https://marketplace.atlassian.com/apps/1219229/timecamp-time-tracking?hosting=cloud&tab=overview,119,7
Agile Dashboard for Project Management,Manage your project smarter! Spot the challenges awaiting your team and use the knowledge to upgrade your work every day,"Dashboard gadgets, Project management, Reports",https://marketplace.atlassian.com/apps/1219258/agile-dashboard-for-project-management?hosting=cloud&tab=overview,82,26
Sprint planning for Jira - SCRUM Only,"Plan sprints viewing the team capacity and allocation, and past velocity in a single screen ‚Äì SCRUM only","Project management, Time tracking, Utilities, Workflow",https://marketplace.atlassian.com/apps/1219264/sprint-planning-for-jira-scrum-only?hosting=cloud&tab=overview,17,1
User KPI for Jira,"Measure individual, team or project performance. Improve KPI's by continuous feedback and reviews","Charts & diagramming, Project management, Reports",https://marketplace.atlassian.com/apps/1219274/user-kpi-for-jira?hosting=server&tab=overview,11,0
Team Worklog Reports,Fast and easy worklog reports for your team,"Project management, Reports, Time tracking",https://marketplace.atlassian.com/apps/1219292/team-worklog-reports?hosting=cloud&tab=overview,"2,559",33
Team Capacity Planning,Lightweight Sprint Capacity Management for Scrum projects,"Project management, Time tracking",https://marketplace.atlassian.com/apps/1219329/team-capacity-planning?hosting=cloud&tab=overview,145,0
Hours Reports (Work Log Time Reports),"Timesheets of logged hours by Employee, Project, Issue Type. Set up hourly rates, extract timesheets and spendings in Excel","Admin tools, Monitoring, Project management,",https://marketplace.atlassian.com/apps/1219348/hours-reports-work-log-time-reports?hosting=cloud&tab=overview,102,4
Range Estimate for Jira,Add optimistic and pessimistic estimates for Jira issues,"Custom fields, Monitoring, Project management",https://marketplace.atlassian.com/apps/1219351/range-estimate-for-jira?hosting=server&tab=overview,49,2
Status & Progress Report Gadget for Jira,"Gain visibility into your project status & progress in a dashboard gadget. Sum up story points by user, sprint, epic or JQL filter","Dashboard gadgets, Project management, Reports",https://marketplace.atlassian.com/apps/1219429/status-progress-report-gadget-for-jira?hosting=cloud&tab=overview,561,6
Time Tracking and Logging from Dashboard,Manage your Timesheet directly from your Dashboard! Powerful timesheet visualisation and edition from user's dashboard,"Dashboard gadgets, Time tracking",https://marketplace.atlassian.com/apps/1219453/time-tracking-and-logging-from-dashboard?hosting=server&tab=overview,3,1
Swanly - Portfolio Release Roadmaps Jira,"üöÄJira release management with portfolio roadmaps, cross-project releases, versions sync, release templates & release dashboards","Build management, Charts & diagramming, Project management",https://marketplace.atlassian.com/apps/1219470/swanly-portfolio-release-roadmaps-jira?hosting=cloud&tab=overview,476,18
Simple Timesheet & Worklog Gadget,"Gain visibility into your time tracking with a dashboard gadget. View timesheets with hours logged by users, projects and more","Dashboard gadgets, Project management, Reports",https://marketplace.atlassian.com/apps/1219487/simple-timesheet-worklog-gadget?hosting=cloud&tab=overview,252,10
SLA Alerts Lite for Jira Service Desk,Configure SLA Alerts for breaching and breached SLA's and manage which breaches you want to receive notifications for,"IT & helpdesk, Monitoring, Time tracking",https://marketplace.atlassian.com/apps/1219501/sla-alerts-lite-for-jira-service-desk?hosting=datacenter&tab=overview,,2
Worklog History PRO,View the time logged by users in the JIRA worklog using convenient table,"Dashboard gadgets, Reports, Time tracking",https://marketplace.atlassian.com/apps/1219535/worklog-history-pro?hosting=server&tab=overview,11,1
MOCO Time Tracking for Jira,"Record, track and organize your working hours in Jira and transfer them automatically to MOCO","Integrations, Time tracking",https://marketplace.atlassian.com/apps/1219563/moco-time-tracking-for-jira?hosting=server&tab=overview,14,0
Quantify TimeSpent Pro,"Meet the lean time tracking approach, a better alternative to manual work logging. Timesheets without gaps, work without reminders","Dashboard gadgets, Project management, Reports",https://marketplace.atlassian.com/apps/1219573/quantify-timespent-pro?hosting=cloud&tab=overview,28,4
Estimate: Project Analysis Tool,Speed up and formalize you Project and Time Management,"Monitoring, Project management, Tasks, Time tracking",https://marketplace.atlassian.com/apps/1219603/estimate-project-analysis-tool?hosting=server&tab=overview,2,0
SIL Tempo Connector,"Create scripts to integrate and sync data between Jira and Tempo for better collaboration, team organization and work automation","Admin tools, Integrations, Project management",https://marketplace.atlassian.com/apps/1219694/sil-tempo-connector?hosting=datacenter&tab=overview,,1
Time Tracking & Estimation Report Gadget,"Get better at time estimation - compare time spent, remaining estimate & original estimate. View progress in a dashboard gadget","Dashboard gadgets, Project management, Reports",https://marketplace.atlassian.com/apps/1219703/time-tracking-estimation-report-gadget?hosting=cloud&tab=overview,196,3
Rich Filters::Time Tracking Dashboards,Increase productivity with interactive dashboards & reports for timesheets & work logs,"Dashboard gadgets, Project management, Reports",https://marketplace.atlassian.com/apps/1219709/rich-filters-time-tracking-dashboards?hosting=datacenter&tab=overview,,2
Time in Status for Jira Cloud,Generate time reports for Jira issues,"IT & helpdesk, Monitoring, Reports, Time tracking",https://marketplace.atlassian.com/apps/1219732/time-in-status-for-jira-cloud?hosting=cloud&tab=overview,509,18
Comb helps teams ship software on time,Turn story points into time estimates and notify the team when work won't be done on time. See where you're overestimating,"Monitoring, Project management, Reports, Time tracking",https://marketplace.atlassian.com/apps/1219760/comb-helps-teams-ship-software-on-time?hosting=cloud&tab=overview,,0
Pulse.Timesheet Plus with Time Tracking,Time Tracking & Timesheet Reporting tool with issue timer and dashboard gadget for your worklogs,"Dashboard gadgets, Reports, Time tracking, Utilities",https://marketplace.atlassian.com/apps/1219800/pulse-timesheet-plus-with-time-tracking?hosting=cloud&tab=overview,11,0
Sum it up!,Sum up numbers from a custom field and insert the result into a field inside the parent issue,"Custom fields, Dependency management, Time tracking",https://marketplace.atlassian.com/apps/1219877/sum-it-up?hosting=cloud&tab=overview,63,3
eZee Worklog,"Most complete worklog entry manager ! Use stopwatch / timer, enter time spent or time series and manage it all on 1 gadget","Dashboard gadgets, Monitoring, Reports, Time tracking",https://marketplace.atlassian.com/apps/1219894/ezee-worklog?hosting=cloud&tab=overview,547,14
Flexi Resources Management,"RM supports Leader of Project, Department or authorized people can manage the using of resources in projects","Project management, Time tracking",https://marketplace.atlassian.com/apps/1219898/flexi-resources-management?hosting=server&tab=overview,1,0
Quartz - Time Tracking for Jira,"Advanced Jira Time Tracking: Powerful time reports, painless time entry, custom attributes, approval process, timeport integration",Time tracking,https://marketplace.atlassian.com/apps/1219938/quartz-time-tracking-for-jira?hosting=cloud&tab=overview,74,9
Phases for Jira,"Load & capacity planning for teams or individuals: Epic phases or stories on a timeline, with planned vs actual start & end dates","Charts & diagramming, Dashboard gadgets, Project management",https://marketplace.atlassian.com/apps/1220004/phases-for-jira?hosting=server&tab=overview,2,1
Sprint helper toolkit,"Sprint Planning, Retrospective, Time tracking, Time report generation","Project management, Reports, Time tracking",https://marketplace.atlassian.com/apps/1220018/sprint-helper-toolkit?hosting=cloud&tab=overview,1,1
Issue analyzer for Jira,"Understanding how issues move through workflows, their time in status, where they get stuck, and how long they sit idle","Project management, Reports, Time tracking, Workflow",https://marketplace.atlassian.com/apps/1220160/issue-analyzer-for-jira?hosting=cloud&tab=overview,13,0
Epic Time Tracking for Jira,Use epic estimates to get reliable time tracking across multiple issues,"Reports, Time tracking",https://marketplace.atlassian.com/apps/1220185/epic-time-tracking-for-jira?hosting=datacenter&tab=overview,,3
Clockify Integration by Lizard Brain,Clockify Integration for Jira ‚Äî your integrated time tracking,"Integrations, Project management, Time tracking",https://marketplace.atlassian.com/apps/1220227/clockify-integration-by-lizard-brain?hosting=cloud&tab=overview,238,9
Projectt,Bring Jira and Harvest together! How is your project going against budget? Burning fast or slow? Find out in easy to read graphs,"Project management, Reports, Time tracking",https://marketplace.atlassian.com/apps/1220276/projectt?hosting=cloud&tab=overview,,2
Executive KPI Reporting for Jira,Monitor organisation performance against strategic goals with real-time ServiceClarity KPI reporting tools,"Project management, Reports, Tasks, Time tracking",https://marketplace.atlassian.com/apps/1220282/executive-kpi-reporting-for-jira?hosting=cloud&tab=overview,,1
EpicTime for Jira - Sum of Worklogs,Sum up the work logs of the tiniest child issues to the epic,"Custom fields, Project management, Reports, Time tracking",https://marketplace.atlassian.com/apps/1220287/epictime-for-jira-sum-of-worklogs?hosting=cloud&tab=overview,645,7
Time Tracker for Jira,Track time on projects and tasks with your team. Turn it to smart reports that keep your clients or managers in the loop,"Project management, Reports, Time tracking, Utilities",https://marketplace.atlassian.com/apps/1220314/time-tracker-for-jira?hosting=datacenter&tab=overview,,0
Kamba your Agile Standup Board,Digital meeting board for your agile stand-ups. NOTE: this is a paid app currently pending Atlassian pricing review,"Monitoring, Project management, Time tracking",https://marketplace.atlassian.com/apps/1220327/kamba-your-agile-standup-board?hosting=cloud&tab=overview,4,0
Jira Cloud for Google Sheets (Official),Jira in spreadsheets: the solution for your reporting pains,"Project management, Reports, Time tracking",https://marketplace.atlassian.com/apps/1220382/jira-cloud-for-google-sheets-official?hosting=cloud&tab=overview,,4
JC360 for Jira,"Track and analyze time spent with Jira issues. Automatic task switching, real-time monitoring and powerful productivity reports","Project management, Reports, Time tracking, Workflow",https://marketplace.atlassian.com/apps/1220422/jc360-for-jira?hosting=cloud&tab=overview,35,0
Business Time for Jira,Put on your business socks and enjoy timesheets without any hassle,"Admin tools, Reports, Time tracking, Utilities",https://marketplace.atlassian.com/apps/1220524/business-time-for-jira?hosting=server&tab=overview,,0
Work Log Visibility Plugin,View distribution of work logs amongst issues and team members at a glance,"Monitoring, Project management, Time tracking",https://marketplace.atlassian.com/apps/1220525/work-log-visibility-plugin?hosting=cloud&tab=overview,4,0
Agile Docs - Estimate Roll Up for Jira,"Visualise any project, release or cross project filter in a tree with rolled up estimate progress reports. No config required","Custom fields, Project management, Reports, Time tracking",https://marketplace.atlassian.com/apps/1220574/agile-docs-estimate-roll-up-for-jira?hosting=cloud&tab=overview,253,6
WorkDay Control for Jira,"This component allows to record the working day start and end time, mandatory on some countries like Spain",Time tracking,https://marketplace.atlassian.com/apps/1220580/workday-control-for-jira?hosting=server&tab=overview,12,7
Bulk Planning,Automatically plan team's work and get optimal deadlines,"Project management, Tasks, Time tracking",https://marketplace.atlassian.com/apps/1220603/bulk-planning?hosting=server&tab=overview,10,0
timeBro,Fully automatic time tracking ‚Äì timeBro automatically captures all your computer activities & exports your time tracking to Jira,"IT & helpdesk, Integrations, Project management",https://marketplace.atlassian.com/apps/1220642/timebro?hosting=cloud&tab=overview,,4
Quidlo Timesheets for Jira,Track time in Quidlo Timesheets straight from your issues in Jira. Sync your records across all your devices,Time tracking,https://marketplace.atlassian.com/apps/1220714/quidlo-timesheets-for-jira?hosting=cloud&tab=overview,51,2
Timeline for Jira,"Timeline, Resource planning, Team capacity","Project management, Reports, Tasks, Time tracking",https://marketplace.atlassian.com/apps/1220726/timeline-for-jira?hosting=cloud&tab=overview,392,3
Clockwork Automated Timesheets Free,Easiest and precise time tracking. Never log work manually again. Overview your team or company worklogs with powerful reports,"Project management, Reports, Time tracking, Workflow",https://marketplace.atlassian.com/apps/1220750/clockwork-automated-timesheets-free?hosting=cloud&tab=overview,"2,946",31
Crystal Gantt Pro - for JIRA,Gantt Visualization of your Tasks for better Task and Resource Management. Programs to combine Issues from multiple Projects,"Charts & diagramming, Dashboard gadgets, Project management",https://marketplace.atlassian.com/apps/1220810/crystal-gantt-pro-for-jira?hosting=cloud&tab=overview,52,1
SLA,"SLA for Jira, Timers for Jira, Time in status for Jira","IT & helpdesk, Project management, Reports, Time tracking",https://marketplace.atlassian.com/apps/1220838/sla?hosting=server&tab=overview,51,4
ActivityTimeline: Plan & Track Resources,Resource Planning & Task Tracking Team Workload Management Timesheets and Reports,"Project management, Reports, Tasks, Time tracking",https://marketplace.atlassian.com/apps/1220860/activitytimeline-plan-track-resources?hosting=cloud&tab=overview,614,46
Time in status | SLA | Timer | Stopwatch,"Shows time in selected statuses. Configure calculate time in status, timers, work calendars, JQL functions. Suitable for SLA","Custom fields, Time tracking, Utilities, Workflow",https://marketplace.atlassian.com/apps/1220908/time-in-status-sla-timer-stopwatch?hosting=datacenter&tab=overview,,4
EasyTime ‚Äì Automatic time tracking,"Start tracking instantly, recording time automatically and review timesheets visually. For Relaxing Times ‚Äì Make it EasyTime","IT & helpdesk, Project management, Time tracking",https://marketplace.atlassian.com/apps/1221009/easytime-automatic-time-tracking?hosting=cloud&tab=overview,26,0
Absence Tracking for Jira,Optimize time tracking processes by automatically logging hours for employee's absence,"Admin tools, Project management, Time tracking",https://marketplace.atlassian.com/apps/1221085/absence-tracking-for-jira?hosting=server&tab=overview,4,0
SLA Plugin for Jira,Manage your SLA for Jira-Issues,"IT & helpdesk, Project management, Reports, Time tracking",https://marketplace.atlassian.com/apps/1221115/sla-plugin-for-jira?hosting=cloud&tab=overview,32,8
TaskPro,Get an accurate look at you past workweeks,Time tracking,https://marketplace.atlassian.com/apps/1221144/taskpro?hosting=cloud&tab=overview,1,0
Spectrum TimeReports,"Insights from your team Work logs based on time reports with comprehensive charts by Projects, Issues, Users, Teams or JQL","Charts & diagramming, Reports, Time tracking",https://marketplace.atlassian.com/apps/1221219/spectrum-timereports?hosting=server&tab=overview,6,0
Async Poker - Remote Planning&Estimation,Planning poker for sprint planning and estimation for distributed and remote teams,"Project management, Tasks, Time tracking, Utilities",https://marketplace.atlassian.com/apps/1221281/async-poker-remote-planning-estimation?hosting=cloud&tab=overview,409,16
Planyway Roadmaps for Jira,Simple project planning and resource management tool for Jira,"Charts & diagramming, Project management, Shared workflows",https://marketplace.atlassian.com/apps/1221297/planyway-roadmaps-for-jira?hosting=cloud&tab=overview,85,3
Jira Cloud for Excel (official),Export Jira data to Excel - Combine the power of Jira with the flexibility of Excel,"Charts & diagramming, Integrations, Reports, Time tracking",https://marketplace.atlassian.com/apps/1221301/jira-cloud-for-excel-official?hosting=cloud&tab=overview,,3
WLR,Summarize the worklogs in search period,"Admin tools, Monitoring, Reports, Time tracking",https://marketplace.atlassian.com/apps/1221314/wlr?hosting=cloud&tab=overview,1,0
Clerk ‚Äî Billing & Invoicing for Jira,üëè Create invoices from Jira worklogs in a few clicks  üßê Time and cost reports for clients  ‚úÖ Find uninvoiced Jira hours,"CRM, Reports, Time tracking, Utilities",https://marketplace.atlassian.com/apps/1221332/clerk-billing-invoicing-for-jira?hosting=cloud&tab=overview,149,7
A4J - Absence for Jira,User Absence Management,"Admin tools, Project management, Time tracking",https://marketplace.atlassian.com/apps/1221345/a4j-absence-for-jira?hosting=server&tab=overview,9,1
TimeWise-TimeSheets and WorkLog for Jira,Used for planning and time tracking with approval. Efficient time management and fine-grained project overview with intuitive UI,"Admin tools, Project management, Reports, Time tracking",https://marketplace.atlassian.com/apps/1221373/timewise-timesheets-and-worklog-for-jira?hosting=datacenter&tab=overview,,1
Octo - Components Management for Jira,"Introducing cross-project sync, component versions and releases, merging components","Project management, Reports, Tasks, Time tracking",https://marketplace.atlassian.com/apps/1221419/octo-components-management-for-jira?hosting=cloud&tab=overview,82,3
WiseTime Autonomous Timekeeper - Server,Expertly automated timekeeping that doesn‚Äôt interrupt your workflow,Time tracking,https://marketplace.atlassian.com/apps/1221431/wisetime-autonomous-timekeeper-server?hosting=server&tab=overview,,0
JAssistant,"Add worklog via calendar, import issues, export Timesheet, Sprint, Estimate and custom reports / chart via Report Builder for free","Project management, Reports, Time tracking, Utilities",https://marketplace.atlassian.com/apps/1221570/jassistant?hosting=cloud&tab=overview,,4
Timentify,Overview: Monitor time in status at a glance. Identify bottlenecks easily with Timentify,"Monitoring, Reports, Time tracking, Utilities",https://marketplace.atlassian.com/apps/1221604/timentify?hosting=cloud&tab=overview,221,8
CB Time Report,Smart time reports and projects/sprints summary view,"Admin tools, Monitoring, Reports, Time tracking",https://marketplace.atlassian.com/apps/1221687/cb-time-report?hosting=cloud&tab=overview,1,0
Manday,Time tracking and project budget management across systems made a piece of cake,"Project management, Reports, Time tracking",https://marketplace.atlassian.com/apps/1221698/manday?hosting=cloud&tab=overview,7,1
ContractsPro - Contract Manager for Jira,"Create contracts from Tempo Accounts, track service progress & worklogs and grow your billable hours amount using smart reporting","Project management, Reports, Tasks, Time tracking",https://marketplace.atlassian.com/apps/1221714/contractspro-contract-manager-for-jira?hosting=server&tab=overview,14,9
Cost Tracker for Tempo Timesheets,Simple and effective project cost and revenue tracking for Tempo Timesheets with clear overview of all your projects and budgeting,"Project management, Reports, Time tracking, Utilities",https://marketplace.atlassian.com/apps/1221748/cost-tracker-for-tempo-timesheets?hosting=cloud&tab=overview,"1,037",12
Autonomous Time Keeping for Jira Cloud,Automatic time tracking. Builds your timesheet without interrupting flow. Get effortlessly detailed reports & retain your privacy,"Project management, Reports, Time tracking, Workflow",https://marketplace.atlassian.com/apps/1221818/autonomous-time-keeping-for-jira-cloud?hosting=cloud&tab=overview,29,1
Status Time,"Create reports for time spent on each status or assignee e.g. lead/cycle time, sum/average time in status, status transition count","IT & helpdesk, Monitoring, Time tracking",https://marketplace.atlassian.com/apps/1221826/status-time?hosting=cloud&tab=overview,89,8
Budgetizer,Budgetizer is an expense tracker for visualizing issues cost in real time,"Charts & diagramming, Project management, Reports",https://marketplace.atlassian.com/apps/1221840/budgetizer?hosting=cloud&tab=overview,25,8
Epic Timeline,Plan or track Epics in progress by visualizing them on a sprint calendar,"Admin tools, Charts & diagramming, Project management",https://marketplace.atlassian.com/apps/1221873/epic-timeline?hosting=cloud&tab=overview,30,2
WT4 - Worklog tracker for Jira,Desktop app for tracking worklogs in Jira,"Tasks, Time tracking",https://marketplace.atlassian.com/apps/1221945/wt4-worklog-tracker-for-jira?hosting=cloud&tab=overview,,0
Worklog express,Quickly create and categorize cross project worklogs with custom defined worklog types,"Reports, Time tracking",https://marketplace.atlassian.com/apps/1222012/worklog-express?hosting=server&tab=overview,25,3
Boomslang,Tempo Notification Worklog Reminders,"Dashboard gadgets, Monitoring, Time tracking,",https://marketplace.atlassian.com/apps/1222013/boomslang?hosting=cloud&tab=overview,2,0
Status Time Free,"Create reports for time spent on each status or assignee e.g. lead/cycle time, sum/average time in status, status transition count","IT & helpdesk, Monitoring, Time tracking",https://marketplace.atlassian.com/apps/1222051/status-time-free?hosting=cloud&tab=overview,435,6
Productive Financial Planning for Jira,A simple and efficient way to integrate time tracking on projects in Jira with the rest of your agency business,Time tracking,https://marketplace.atlassian.com/apps/1222053/productive-financial-planning-for-jira?hosting=cloud&tab=overview,46,1
Flexible Calendar For Jira,"JIRA calendar/timeline planner for project managers, event planners, HR managers, and whoever needs a more visual calendar planner","Project management, Reports, Tasks, Time tracking",https://marketplace.atlassian.com/apps/1222114/flexible-calendar-for-jira?hosting=datacenter&tab=overview,,6
Team Worklog Reports Lite,Discover work log data numbers via simple and powerfull reports,"Reports, Time tracking",https://marketplace.atlassian.com/apps/1222149/team-worklog-reports-lite?hosting=cloud&tab=overview,258,1
Gantt Suite for Jira,Project visualization via Gantt chart. Tasks and resources planning. Easy to setup. Intuitive UI,"Charts & diagramming, Project management, Reports",https://marketplace.atlassian.com/apps/1222150/gantt-suite-for-jira?hosting=cloud&tab=overview,531,9
Float - Resource Management,Fast resource scheduling and capacity planning for your Jira projects,"Project management, Shared workflows, Tasks,",https://marketplace.atlassian.com/apps/1222203/float-resource-management?hosting=cloud&tab=overview,346,4
WageLog,Wage calculation based on worklogs - made easy,"Reports, Time tracking, Utilities",https://marketplace.atlassian.com/apps/1222319/wagelog?hosting=cloud&tab=overview,,0
Timely,Timely - Time tracking and planning,Time tracking,https://marketplace.atlassian.com/apps/1222369/timely?hosting=cloud&tab=overview,141,4
Domat Pomodoro for Jira,Boost your productivity with Pomodoro Technique,"Project management, Time tracking",https://marketplace.atlassian.com/apps/1222375/domat-pomodoro-for-jira?hosting=cloud&tab=overview,92,3
Timescale - Time Tracking & Reports,"Brand New! Fully-Integrated, Highly Intuitive JIRA Time Tracking, Timesheets & Reports by Timescale","Reports, Time tracking",https://marketplace.atlassian.com/apps/1222428/timescale-time-tracking-reports?hosting=cloud&tab=overview,20,1
Tima - Track Time & Log Work in Jira,"Tima is the solution for all your day2day Jira needs when you‚Äôre on the road: track time, log work and view reports","Admin tools, Project management, Reports, Time tracking",https://marketplace.atlassian.com/apps/1222511/tima-track-time-log-work-in-jira?hosting=cloud&tab=overview,,0
Time in Status Lite,Track time of how long issues stayed in the specific status,"Project management, Reports, Tasks, Time tracking",https://marketplace.atlassian.com/apps/1222517/time-in-status-lite?hosting=cloud&tab=overview,20,0
Time Reports for Remote Jira,"Generate work log reports, aggregated from multiple Jira instances","Project management, Reports, Time tracking",https://marketplace.atlassian.com/apps/1222519/time-reports-for-remote-jira?hosting=cloud&tab=overview,66,2
Work Log Indicator,Shows you how much worklog you entered today in Jira's top bar,"Reports, Time tracking, Utilities",https://marketplace.atlassian.com/apps/1222554/work-log-indicator?hosting=server&tab=overview,12,4
e Matrix,"Time management, project planning, priority management, personal effectiveness","Project management, Reports, Tasks, Time tracking",https://marketplace.atlassian.com/apps/1222580/e-matrix?hosting=cloud&tab=overview,37,0
Clockify: Time Tracking & Timesheet,The only 100% FREE time tracking and timesheet app for Jira,"Integrations, Project management, Reports, Time tracking",https://marketplace.atlassian.com/apps/1222624/clockify-time-tracking-timesheet?hosting=cloud&tab=overview,"2,046",23
JQL Sum Up,Sum up estimates or any numerical field in any JQL query quickly and easily using your favorite filters. No config required,"Custom fields, Project management, Reports, Time tracking",https://marketplace.atlassian.com/apps/1222689/jql-sum-up?hosting=cloud&tab=overview,10,1
Time To Invoice - Worklog reports,The easiest way to receive a workload report of your team members,"Project management, Reports, Time tracking",https://marketplace.atlassian.com/apps/1222748/time-to-invoice-worklog-reports?hosting=cloud&tab=overview,64,1
Visual Sprint Planning,Simplify cross-project sprint planning with a holistic view of people's commitments and NO configuration required,"Admin tools, Dependency management, Project management",https://marketplace.atlassian.com/apps/1222765/visual-sprint-planning?hosting=cloud&tab=overview,11,1
Quantum::Estimator for JIRA,Get your estimation done right. Follow scientific best practices. Streamline estimations with distributed teams,"Project management, Time tracking, Utilities, Workflow",https://marketplace.atlassian.com/apps/1222817/quantum-estimator-for-jira?hosting=server&tab=overview,1,1
Mirhai Timesheets for Jira,Easy time tracking and scheduling,Time tracking,https://marketplace.atlassian.com/apps/1223000/mirhai-timesheets-for-jira?hosting=cloud&tab=overview,3,0
Hours to Man Days for Tempo,Convert worklogs and reports between Hours and Man Days M/D in Tempo timesheets and Tempo budget,"Project management, Reports, Time tracking, Utilities",https://marketplace.atlassian.com/apps/1223027/hours-to-man-days-for-tempo?hosting=server&tab=overview,2,0
Program Tree - Extra Hierarchy for Jira,Visualise and track your entire program on a single page in a nested tree list. Create levels of hierarchy above Epics,"Custom fields, Project management, Reports, Time tracking",https://marketplace.atlassian.com/apps/1223063/program-tree-extra-hierarchy-for-jira?hosting=cloud&tab=overview,1,1
Estimator for Jira Estimation & Planning,Estimate more accurately in a time efficient manner. Estimator - all that's needed for accurate estimates and efficient planning,"Project management, Reports, Time tracking, Utilities",https://marketplace.atlassian.com/apps/1223067/estimator-for-jira-estimation-planning?hosting=server&tab=overview,,0
Sprints Instant Scheduling,Automatically add your issues to future sprints according to the team velocity and sprint future Velocity in one click,"Project management, Tasks, Time tracking, Utilities",https://marketplace.atlassian.com/apps/1223163/sprints-instant-scheduling?hosting=cloud&tab=overview,1,0
it.JCATS - SAP Worklogs with Jira,Reliable and easy: Log your time in Jira and SAP simultaneously without having to switch platforms,"Integrations, Project management, Time tracking",https://marketplace.atlassian.com/apps/1223171/it-jcats-sap-worklogs-with-jira?hosting=server&tab=overview,1,0
Agile Tools ‚Äì Epic Tree & Time in Status,View Epic Sum/Hierarchy with rolled up estimates report for epics and track your issues with their time in status,"Project management, Reports, Time tracking",https://marketplace.atlassian.com/apps/1223200/agile-tools-epic-tree-time-in-status?hosting=cloud&tab=overview,10,1
U-Pledge,Manage your charity tasks in Jira easily,"Charts & diagramming, Project management, Time tracking",https://marketplace.atlassian.com/apps/1223241/u-pledge?hosting=cloud&tab=overview,1,0
Time History,"Allows to monitor the time between changes in the fields of the issue: Status, Assignee, Priority, e.t., and also custom fields","Custom fields, Monitoring, Reports, Time tracking",https://marketplace.atlassian.com/apps/1223358/time-history?hosting=server&tab=overview,2,2
USeP - User Story to effort Predictor,Guesswork seldom works! Game ahead with USeP Estimates,"Design tools, Project management, Tasks, Time tracking",https://marketplace.atlassian.com/apps/1223359/usep-user-story-to-effort-predictor?hosting=cloud&tab=overview,4,0
TeamBoard - Resource Management for Jira,"Managing project resources, planing tasks, checking team's capacity, logging time, timesheet, reports .. All on a visual board","Project management, Reports, Time tracking, Utilities",https://marketplace.atlassian.com/apps/1223423/teamboard-resource-management-for-jira?hosting=cloud&tab=overview,188,7
BambooHR Integration for Jira,See absence management in context,"Integrations, Project management, Time tracking",https://marketplace.atlassian.com/apps/1223438/bamboohr-integration-for-jira?hosting=server&tab=overview,6,1
Timesheet for Jira,Timesheet and work-log reports,Time tracking,https://marketplace.atlassian.com/apps/1223446/timesheet-for-jira?hosting=server&tab=overview,1,0
CLI for developer worklog tracking,Don't waste time adding Worklogs,"IDE, Time tracking",https://marketplace.atlassian.com/apps/1223505/cli-for-developer-worklog-tracking?hosting=cloud&tab=overview,,0
Magic Estimations,Easy and intuitive Jira app for quick backlog estimation. A great alternative to planning poker game for any agile team,"Project management, Time tracking, Utilities, Workflow",https://marketplace.atlassian.com/apps/1223655/magic-estimations?hosting=cloud&tab=overview,29,4
Excel-like Tables for Jira,"Every issue has an Excel-like table. Making a spreadsheet and using a formula such as SUM, AVERAGE, and COUNT is easier than ever","Charts & diagramming, Project management, Time tracking",https://marketplace.atlassian.com/apps/1223727/excel-like-tables-for-jira?hosting=cloud&tab=overview,44,0
Time Tracking for Jira with Monitask,Easy-to-use automatic time tracking software for Jira,"Tasks, Time tracking",https://marketplace.atlassian.com/apps/1223737/time-tracking-for-jira-with-monitask?hosting=cloud&tab=overview,,0
KRONOS Timesheets ‚Äì Worklogs and reports,Create and manage worklogs and create meaningful team or individual reports manually or automatically,"Monitoring, Project management, Time tracking",https://marketplace.atlassian.com/apps/1223792/kronos-timesheets-worklogs-and-reports?hosting=server&tab=overview,1,0
SLA Budget for JSD,Easy budgeting and reporting based on your own service agreements by request types and custom periods,"IT & helpdesk, Project management, Reports, Time tracking",https://marketplace.atlassian.com/apps/1223853/sla-budget-for-jsd?hosting=server&tab=overview,,0
Simple Time Tracker Report for Jira,This app will save you time by calculating the time your team spends in sprint and delivering a report to an email address,"Reports, Time tracking",https://marketplace.atlassian.com/apps/1223865/simple-time-tracker-report-for-jira?hosting=cloud&tab=overview,5,0
Jira Calendar Plugin,The Jira Calendar Plugin shows issues and versions in a calendar format based on their due date,"Dashboard gadgets, Time tracking",https://marketplace.atlassian.com/apps/293/jira-calendar-plugin?hosting=server&tab=overview,,110
Timesheet Reports and Gadgets,"Tempo‚Äôs entry-level time reporting app that extends Jira, capturing time spent on every project flow","Dashboard gadgets, Reports, Time tracking",https://marketplace.atlassian.com/apps/294/timesheet-reports-and-gadgets?hosting=cloud&tab=overview,"11,436",221
WorkPlan Report,Displays issues estimated work per user over time,Time tracking,https://marketplace.atlassian.com/apps/5071/workplan-report?hosting=datacenter&tab=overview,,8
Better PDF Exporter for Jira,"Customizable PDF export for Jira: issue lists, dashboards, timesheets, invoices, Release Notes, story cards & custom documents","Charts & diagramming, Documentation, Reports",https://marketplace.atlassian.com/apps/5167/better-pdf-exporter-for-jira?hosting=cloud&tab=overview,"3,712",261
Time Tracking And Billing Reporting,Affordable and comprehensive time tracking for Jira,"Dashboard gadgets, Time tracking",https://marketplace.atlassian.com/apps/5274/time-tracking-and-billing-reporting?hosting=server&tab=overview,182,13
Worklog Assistant (time tracking),Hassle-free time tracking for Jira - Because timesheets suck,Time tracking,https://marketplace.atlassian.com/apps/6284/worklog-assistant-time-tracking?hosting=server&tab=overview,,24
Tempo Timesheets-Time Tracking & Reports,The #1 time management product in the Atlassian ecosystem since 2010,"Dashboard gadgets, Integrations, Reports, Time tracking",https://marketplace.atlassian.com/apps/6572/tempo-timesheets-time-tracking-reports?hosting=cloud&tab=overview,"25,311",446
Agile Poker for Jira-planning&estimation,Top-rated app that supports Team Managers and Scrum Masters to facilitate accurate and convenient backlog estimations by the teams,"Project management, Tasks, Time tracking, Utilities",https://marketplace.atlassian.com/apps/700473/agile-poker-for-jira-planning-estimation?hosting=cloud&tab=overview,"1,943",86
FreshBooks Connector for Jira,Connect your Jira with FreshBooks and prevent double time reporting for the same issues,"Custom fields, Integrations, Time tracking",https://marketplace.atlassian.com/apps/773842/freshbooks-connector-for-jira?hosting=server&tab=overview,6,10
